Datetime,Water Level (m)
2026-09-24 12:00:00,0.68387675
2026-09-24 13:00:00,1.555272
2026-09-24 14:00:00,2.1256654
2026-09-24 15:00:00,2.2800746
2026-09-24 16:00:00,1.9836661
2026-09-24 17:00:00,1.3055708
2026-09-24 18:00:00,0.50491506
2026-09-24 19:00:00,-0.23575446
2026-09-24 20:00:00,-0.7891136
2026-09-24 21:00:00,-1.053028
2026-09-24 22:00:00,-0.82044864
2026-09-24 23:00:00,-0.14718124
2026-09-25 00:00:00,0.7483544
2026-09-25 01:00:00,1.6264503
2026-09-25 02:00:00,2.2554207
2026-09-25 03:00:00,2.484897
2026-09-25 04:00:00,2.2515864
2026-09-25 05:00:00,1.6187133
2026-09-25 06:00:00,0.8025497
2026-09-25 07:00:00,0.021726573
2026-09-25 08:00:00,-0.6204434
2026-09-25 09:00:00,-1.0425994
2026-09-25 10:00:00,-1.0754002
2026-09-25 11:00:00,-0.5734373
2026-09-25 12:00:00,0.28462777
2026-09-25 13:00:00,1.2118791
2026-09-25 14:00:00,1.9934295
2026-09-25 15:00:00,2.4118414
2026-09-25 16:00:00,2.345818
2026-09-25 17:00:00,1.7924539
2026-09-25 18:00:00,0.9622909
2026-09-25 19:00:00,0.10906158
2026-09-25 20:00:00,-0.61463344
2026-09-25 21:00:00,-1.1119875
2026-09-25 22:00:00,-1.2616818
2026-09-25 23:00:00,-0.8422246
2026-09-26 00:00:00,0.0030119703
2026-09-26 01:00:00,0.9699901
2026-09-26 02:00:00,1.8574293
2026-09-26 03:00:00,2.4343855
2026-09-26 04:00:00,2.512643
2026-09-26 05:00:00,2.03174
2026-09-26 06:00:00,1.1738087
2026-09-26 07:00:00,0.22678119
2026-09-26 08:00:00,-0.6095949
2026-09-26 09:00:00,-1.2339265
2026-09-26 10:00:00,-1.5696491
2026-09-26 11:00:00,-1.3401909
2026-09-26 12:00:00,-0.5166715
2026-09-26 13:00:00,0.5421142
2026-09-26 14:00:00,1.4998205
2026-09-26 15:00:00,2.187803
2026-09-26 16:00:00,2.4475942
2026-09-26 17:00:00,2.1713104
2026-09-26 18:00:00,1.4434582
2026-09-26 19:00:00,0.5164055
2026-09-26 20:00:00,-0.3586593
2026-09-26 21:00:00,-1.0607455
2026-09-26 22:00:00,-1.5236285
2026-09-26 23:00:00,-1.5756861
2026-09-27 00:00:00,-0.89807177
2026-09-27 01:00:00,0.15384383
2026-09-27 02:00:00,1.1978889
2026-09-27 03:00:00,2.037889
2026-09-27 04:00:00,2.4446113
2026-09-27 05:00:00,2.2784894
2026-09-27 06:00:00,1.5994354
2026-09-27 07:00:00,0.6468384
2026-09-27 08:00:00,-0.28444475
2026-09-27 09:00:00,-1.0468938
2026-09-27 10:00:00,-1.5843962
2026-09-27 11:00:00,-1.7653579
2026-09-27 12:00:00,-1.2132735
2026-09-27 13:00:00,-0.22309233
2026-09-27 14:00:00,0.8926557
2026-09-27 15:00:00,1.8571165
2026-09-27 16:00:00,2.4321074
2026-09-27 17:00:00,2.4869359
2026-09-27 18:00:00,1.9723034
2026-09-27 19:00:00,1.079136
2026-09-27 20:00:00,0.110774316
2026-09-27 21:00:00,-0.72933
2026-09-27 22:00:00,-1.3598108
2026-09-27 23:00:00,-1.6928327
2026-09-28 00:00:00,-1.4274919
2026-09-28 01:00:00,-0.5549692
2026-09-28 02:00:00,0.5925145
2026-09-28 03:00:00,1.5985425
2026-09-28 04:00:00,2.2609076
2026-09-28 05:00:00,2.422304
2026-09-28 06:00:00,1.9936639
2026-09-28 07:00:00,1.1439104
2026-09-28 08:00:00,0.17368
2026-09-28 09:00:00,-0.6923574
2026-09-28 10:00:00,-1.3616704
2026-09-28 11:00:00,-1.7621635
2026-09-28 12:00:00,-1.6585863
2026-09-28 13:00:00,-0.866658
2026-09-28 14:00:00,0.2669849
2026-09-28 15:00:00,1.3359238
2026-09-28 16:00:00,2.1594021
2026-09-28 17:00:00,2.5372999
2026-09-28 18:00:00,2.3343782
2026-09-28 19:00:00,1.6221384
2026-09-28 20:00:00,0.64881337
2026-09-28 21:00:00,-0.2823229
2026-09-28 22:00:00,-1.0354575
2026-09-28 23:00:00,-1.5505964
2026-09-29 00:00:00,-1.6824669
2026-09-29 01:00:00,-1.0958339
2026-09-29 02:00:00,-0.09469839
2026-09-29 03:00:00,0.9556353
2026-09-29 04:00:00,1.8251543
2026-09-29 05:00:00,2.2783058
2026-09-29 06:00:00,2.1948023
2026-09-29 07:00:00,1.5829418
2026-09-29 08:00:00,0.6668037
2026-09-29 09:00:00,-0.2545985
2026-09-29 10:00:00,-1.024159
2026-09-29 11:00:00,-1.5798893
2026-09-29 12:00:00,-1.8083102
2026-09-29 13:00:00,-1.3405635
2026-09-29 14:00:00,-0.39329433
2026-09-29 15:00:00,0.72644055
2026-09-29 16:00:00,1.6972656
2026-09-29 17:00:00,2.3209994
2026-09-29 18:00:00,2.4592402
2026-09-29 19:00:00,2.0395815
2026-09-29 20:00:00,1.214721
2026-09-29 21:00:00,0.27537832
2026-09-29 22:00:00,-0.562027
2026-09-29 23:00:00,-1.2012342
2026-09-30 00:00:00,-1.5507686
2026-09-30 01:00:00,-1.4127108
2026-09-30 02:00:00,-0.65748143
2026-09-30 03:00:00,0.364201
2026-09-30 04:00:00,1.2829009
2026-09-30 05:00:00,1.9380637
2026-09-30 06:00:00,2.171299
2026-09-30 07:00:00,1.8668343
2026-09-30 08:00:00,1.1362052
2026-09-30 09:00:00,0.24107748
2026-09-30 10:00:00,-0.58273816
2026-09-30 11:00:00,-1.2323418
2026-09-30 12:00:00,-1.6258885
